,mean 1,std 1,mean 2,std 2,t_stats,t_stats_abs,p_value,Cohen's d
Functional disability,-0.010171339786233543,0.042782817490352815,-0.040566441405708226,0.04789113251466564,15.128951273109674,15.128951273109674,1.0318319883534542e-46,0.6693649269120195
Judgment problems,-0.004916080688575964,0.04553804119337539,-0.008319688447966754,0.02629342922549959,2.0135790515749545,2.0135790515749545,0.04432151513385152,0.09153820886175831
Loss of interest,-0.004951526786657309,0.03647773439505573,-0.023896575272570775,0.03963856348645389,11.38070953573911,11.38070953573911,2.650512801979135e-28,0.4973635176849428
Repetitions,-0.014001339389144888,0.0341168043432283,-0.0264677826246949,0.0386254868103677,7.6717474925143705,7.6717474925143705,4.020211613155924e-14,0.3420999130451231
Trouble using tools,0.009293647133735539,0.041135154219228566,-0.0042845911565206245,0.032514249432494216,8.537943960344515,8.537943960344515,5.0307242441169806e-17,0.36622597884918867
Forgets month or year,0.00038344417034796114,0.039369729688709325,-7.253508057211102e-36,2.2807217448287474e-34,0.30799219181860454,0.30799219181860454,0.7581524768101242,0.013773829548911072
Trouble with finances,-0.00949524649533265,0.03847744509980508,1.4507016114422204e-35,4.561443489657495e-34,-7.803690133816769,7.803690133816769,1.5106930450144494e-14,-0.34899163229117464
Forgets appointments,0.006423099308867479,0.03940431878521764,-0.013329869106297727,0.024160484391022984,13.484905200577428,13.484905200577428,3.3805212612149135e-38,0.6043702801986527
Daily memory problems,-0.018447322177415532,0.03349775127815313,-0.025664542029382294,0.0365345908497019,4.62988070282268,4.62988070282268,4.140965234082146e-06,0.20591754088139588
Alzheimer Progression Score,0.0303017416279765,0.04030727863267585,-0.03232675570263098,0.055057627560000884,29.189651247273485,29.189651247273485,6.0157055657363065e-136,1.2980147110498685
Diagnosed hearing impairment,0.004729274015549605,0.056493816750378206,-0.007837003878658072,0.04834133588622618,5.453790806971697,5.453790806971697,6.215551780398287e-08,0.23901244296598803
Wears hearing aid,-0.017591827932969258,0.03240939490113033,0.04226189841924243,0.060523332232280756,-27.269810515529144,27.269810515529144,7.687699049915935e-123,-1.2329261933847582
Subjective hearing impairment,-0.004271659020863732,0.04984462166807533,0.02764030226281743,0.04910697555366745,-14.558499069287773,14.558499069287773,1.0962538587139624e-43,-0.6449835176415039
Subjective processing impairment,-0.01174102163037489,0.042333707312833056,0.008614947395602493,0.04434434097585739,-10.792223619982133,10.792223619982133,9.254618937265554e-26,-0.4695651334309988
Can hear at 500 hz (left),-0.044421195675919636,0.043392315943344695,-0.02309643217568845,0.0535746219337811,-9.607550732691852,9.607550732691852,5.790146639177436e-21,-0.43743066891464816
Can hear at 500 hz (right),0.0179144446425637,0.047439913998275095,-0.01910938414604076,0.04965788375345569,16.85283520694892,16.85283520694892,2.809784468729807e-56,0.7624101506939855
Can hear at 1000 hz (left),0.0017650593174901807,0.047690535303645615,-0.03332203845057628,0.050304592749623574,16.07671547920775,16.07671547920775,6.75183372912811e-52,0.7158441762361639
Can hear at 1000 hz (right),-0.0037210542944628297,0.05929047973587869,-0.03396857309386316,0.06066802280340408,11.17332165037667,11.17332165037667,2.144288829179708e-27,0.5042664584119969
Can hear at 4000 hz (left),0.0033336524657318605,0.054048891968019735,-0.0020987308901466955,0.04993810339523616,2.340416852103569,2.340416852103569,0.01945824125032895,0.10440043104472703
Can hear at 4000 hz (right),0.0066649222567320004,0.0514243729287445,0.031067431962068855,0.06408823033444823,-9.512155595687712,9.512155595687712,1.3472076174523176e-20,-0.4199917464785331
Dichotic sentence identification (left),0.02171920530898069,0.06854717263217865,0.0077241111288783686,0.05324352829452888,5.074468660269124,5.074468660269124,4.6320573260529457e-07,0.22802889629837023
Dichotic sentence identification (right),-0.011725863399239748,0.04251128509662257,0.010817582639228994,0.044281729006450304,-11.224681095936532,11.224681095936532,1.2811836920750158e-27,-0.5193680067928762
Right hear advantage,0.001651031451980933,0.059753388238876465,0.009364519880850831,0.0446473969551192,-3.28309388845467,3.28309388845467,0.0010623529735546157,-0.146243924345012
Worst ear score,0.007891834129462875,0.07115760621945064,-0.01497561492673853,0.05547777717613051,8.017192932369262,8.017192932369262,3.007833567659654e-15,0.3584171712886618
Worst ear score -10dB,-0.017520305641972617,0.07275512647282244,-0.014040444681779191,0.06321969274907951,-1.1222391666784823,1.1222391666784823,0.26203041459351106,-0.05105851093189889
Systolic BP,0.0004932653631246028,0.10235033087417096,0.0001824558086504484,0.07744165058779738,0.07721944555055597,0.07721944555055597,0.9384644348087967,0.003424724595355527
Diastolic BP,-0.009138809003557598,0.06035292124264246,-0.042021130582278306,0.05618720499174788,12.676673652330056,12.676673652330056,2.959570283226555e-34,0.5639488458128604
Pulse,0.02842796880260142,0.047762003208567196,-0.017983964966274014,0.0448620431886282,22.01501799363277,22.01501799363277,7.00475520230781e-88,1.0016665142931038
Weight,-0.00011898124161519204,0.054737899558146466,-0.016681452790924627,0.04785052543793107,7.214513087092067,7.214513087092067,1.0689097758944074e-12,0.32216639922370915
CSF tau levels,0.011364239330703848,0.0338132489602476,-0.020666879420252665,0.04044963486626676,19.2415170822979,19.2415170822979,1.9812294136310644e-70,0.859217435607211
CSF ptau levels,0.016136609850674076,0.03731771184691023,-0.023128319571985623,0.04690460137740599,20.60554295777625,20.60554295777625,6.779148183916218e-79,0.9264290564586102
CSF amyloid-B-1-42 levels,0.033343890292467766,0.04182106379216875,-0.007938205559650153,0.05251673743063036,19.091427513142012,19.091427513142012,1.6324477877558604e-69,0.8696260062123378
CSF APOE levels,0.0019757031645429688,0.05144345539888281,-0.04637820395388714,0.04593405426266936,22.337427565187074,22.337427565187074,5.759800640524294e-90,0.9915369808166055
CSF G-CSF levels,0.009863120945563863,0.04353196356662725,-0.0006082732533458057,0.04478950566196679,5.2203019264360995,5.2203019264360995,2.1726661584858822e-07,0.23709598656702754
CSF IL-15 levels,0.001801055342128424,0.04301954896452707,-0.003282320566169244,0.05036413429716339,2.4499972985353384,2.4499972985353384,0.01445643372009012,0.1085355823271825
CSF IL-8 levels,0.002494589518662957,0.03675164601470536,-0.026200963240124622,0.03689535905227879,17.600999270513743,17.600999270513743,1.3155691236679386e-60,0.7792712846468496
CSF VEGF levels,-0.0662613448500473,0.0490448065789986,-0.00338568554576477,0.04704468954789069,-28.977868941651625,28.977868941651625,1.6963336254588485e-134,-1.3084061251813253
CSF PCSK9 levels,-0.013278760167463644,0.04209336307074059,0.030366506451515233,0.046991231388646,-22.04221941221545,22.04221941221545,4.676067699419728e-88,-0.9783835390475049
Blood HbA1c levels,0.01747466565696033,0.06746412645380877,0.030595496360018907,0.058265524935677035,-4.653316588787067,4.653316588787067,3.70576106591392e-06,-0.20815862207961486
Blood TSH levels,-0.019556911124658093,0.042196307333119985,-0.022561688705055215,0.042590694707645295,1.6014417153980272,1.6014417153980272,0.10959526131852017,0.0708774930622507
Blood B12 levels,0.01531310493756594,0.04184032885405871,-0.052733370721281966,0.04647359543642207,34.1783298349665,34.1783298349665,3.4791149122531585e-170,1.5388971221504189
Total cholesterol,0.017472074017207958,0.043769678065710964,-0.011682081951704282,0.03954007629210653,15.49516647406899,15.49516647406899,1.0787544139182283e-48,0.6989975066468973
HDL cholesterol,-0.02624400861625144,0.04062749709062212,-0.06069223259667358,0.044581113818167165,17.436061996812658,17.436061996812658,1.2083145248542421e-59,0.8076930661114545
LDL cholesterol,-0.006334730871007792,0.040331649099129875,-0.021681657656383444,0.045183317121578775,8.083198183212989,8.083198183212989,1.812614226062017e-15,0.3583533354417229
Age,0.05757609184878221,0.12355377407540806,0.05056484056799951,0.08363674089996125,1.442386097047564,1.442386097047564,0.14950691767236896,0.06645714985346901
Immediate memory score,0.020395150703722466,0.13573454610566626,0.08658445189687078,0.11410276920296822,-11.875409521750344,11.875409521750344,1.6106472549637394e-30,-0.5278842108652623
Visuospatial score,-0.019272504677443604,0.11598156601435088,0.010053635362701336,0.09160804113819747,-6.236664440601243,6.236664440601243,6.588540137108806e-10,-0.2806119973876943
Language score,-0.011861987817884318,0.09910344216701565,-0.04854004683595414,0.07184084791101247,9.443927722341714,9.443927722341714,2.4541986591080382e-20,0.42376760603144265
Attention score,-0.012211108464267458,0.11314946625301726,-0.03782296385627902,0.08299658122129344,5.729714025418072,5.729714025418072,1.330956337463068e-08,0.25811875997345257
Delayed memory score,0.027531590338469206,0.13868341761089648,0.03935800519252586,0.0917502951926282,-2.281921536803967,2.281921536803967,0.022703568794681214,-0.10057986783234538
RBANS total score,-0.0018347261817760945,0.17790841066457785,0.012207541829879954,0.09195408427362589,-2.206334373867017,2.206334373867017,0.0275875233011543,-0.09916134384079726
Immediate memory score adjusted 60-69,0.006875607950108865,0.14524570460995873,0.08285764637279969,0.10973379448398138,-13.287346736821892,13.287346736821892,3.2223900100289698e-37,-0.5902880192511907
Visuospatial score adjusted 60-69,-0.021629879291824666,0.11874375389161021,0.009175859363815276,0.09286920392680088,-6.4149812400359805,6.4149812400359805,2.170451307769826e-10,-0.28899936882398
Language score adjusted 60-69,-0.022321971686354327,0.10226314238430696,-0.053589371230940194,0.07753073697644436,7.591495471079849,7.591495471079849,7.240218229197279e-14,0.34456902870921935
Attention score adjusted 60-69,-0.023077637994959085,0.12354504501550397,-0.04408298872958394,0.08784477032298614,4.3213491715046795,4.3213491715046795,1.7058089285282528e-05,0.19596077574517407
Delayed memory score adjusted 60-69,0.022885386964751932,0.1478358167061464,0.029218293037388054,0.08753281259659457,-1.175890832577859,1.175890832577859,0.23991864837020654,-0.052128932631004495
RBANS total score adjusted 60-69,-0.01804732528592879,0.18619587799569792,0.002634524059820322,0.09616150922625394,-3.0848017600768345,3.0848017600768345,0.0020928906247022388,-0.1395703836855291
List learning: trial 1 score,-0.019730381456119852,0.10320582930237363,0.04935293750048245,0.09869420038919315,-15.514052333784884,15.514052333784884,8.5113229569779e-49,-0.6841611423347601
List learning: trial 2 score,-0.0014687363608885166,0.10328683174861583,0.04157621564160467,0.10494107504830522,-9.338479699794364,9.338479699794364,6.158453454113804e-20,-0.413427713646869
List learning: trial 3 score,-0.014815134993204998,0.10297489183989836,0.038454479500073864,0.12064458918538641,-10.755933955956703,10.755933955956703,1.3175648105571317e-25,-0.47495048629372066
List learning: trial 4 score,-0.0064810018262924565,0.10576152245715284,0.035925674347138,0.11424838940811262,-8.713428025781706,8.713428025781706,1.2073161048509365e-17,-0.385211374162759
List learning total score,-0.013853333164003214,0.1289870495237799,0.05140979741904844,0.13198270445400995,-11.323955925596172,11.323955925596172,4.710403137253405e-28,-0.5001256297621931
Story memory score,0.028077309881415713,0.10710332005712835,0.05605506508284409,0.0606473178649637,-7.142663819950871,7.142663819950871,1.7616970771360691e-12,-0.32146430125812203
Figure copy drawing score,-0.037298994460529526,0.09383063794988454,-0.02775068305763255,0.08190673440972271,-2.39621706040744,2.39621706040744,0.016748344148629267,-0.10841641717943007
Figure copy placement score,-0.020239760697352376,0.09299921728306729,0.01730457856592973,0.06231868541280639,-10.622226636933176,10.622226636933176,4.803386375537556e-25,-0.4742868408250601
Figure copy total score,-0.036386658266263916,0.1033885598218117,-0.013162820167501024,0.08600635319656387,-5.414921005229435,5.414921005229435,7.681012922002962e-08,-0.2442160951525412
Line orientation score,0.00401444751333984,0.08816993198266336,0.036262175616100414,0.06528596755038668,-9.26901972195638,9.26901972195638,1.123733226327918e-19,-0.4156899485216116
Picture naming score,0.02824835102930604,0.052964040538420416,-0.05079902573501223,0.08276185681535378,25.593554055623255,25.593554055623255,1.6713647265198646e-111,1.1377130545426544
Semantic fluency score,-0.025920468766453104,0.10382778940167407,-0.04716063940428628,0.0699033635335519,5.265923121450856,5.265923121450856,1.707851672512505e-07,0.23998515229334266
Digit span total score,-0.007207152890731925,0.09129050648481186,-0.031833395231858415,0.08493985837218102,6.209407096909395,6.209407096909395,7.788439814639541e-10,0.2792965687506007
Highest digit span recalled,-0.012186285114997041,0.08759096107303208,-0.03180637406217134,0.08516175857427136,5.058999666755648,5.058999666755648,5.01378036208485e-07,0.22712405931480428
Coding (symbol to digit) score,-0.03526631532584419,0.10582444126388142,-0.032802733945592494,0.06973185481371272,-0.6025371429121386,0.6025371429121386,0.546953388358286,-0.027491027336483925
List recall score,0.02308443708173816,0.1041523547850642,0.041612588661418516,0.11001754616559231,-3.923268926046449,3.923268926046449,9.333123940525845e-05,-0.1729580820306762
List recognition score,0.042460379267189464,0.10720737487856842,0.03716062453761591,0.07433972201603405,1.2922587628302558,1.2922587628302558,0.19656638053470019,0.05745043812345371
List targets recognition score,0.04406462775365554,0.09548648358399367,0.022851131858803827,0.07436245989947533,5.5594920214912555,5.5594920214912555,3.471577125204731e-08,0.24788275776888302
List distractors recognition score,0.01306305648588879,0.07166368490741205,0.04207694849813916,0.03839668062064233,-11.301293909497254,11.301293909497254,5.922590214269128e-28,-0.5046852657940977
Story recall score,0.030127498707704033,0.1182266933754393,0.0007110962860188344,0.06576902669835896,6.829511923960825,6.829511923960825,1.477758102328755e-11,0.30749781991228287
Figure recall drawing score,-0.03529520341543317,0.11469341022704418,-0.0016292778873741407,0.06218790338505597,-8.076286732875849,8.076286732875849,1.9116487582739743e-15,-0.36492310742299483
Figure recall placement score,-0.039047234986516736,0.10097031482856089,0.036015847045663664,0.0527587323694281,-20.711355091866096,20.711355091866096,1.460350051952996e-79,-0.9318142222915266
Figure recall total score,-0.042302068385301136,0.12053587907548666,0.01896978415686335,0.06264810387937574,-14.156024037074156,14.156024037074156,1.3493843195149761e-41,-0.6378733830280037
Brief smell identification test,0.018084352742714225,0.06825503534947854,0.05645760385712321,0.05964809769895858,-13.857830562599835,13.857830562599835,4.507502006920133e-40,-0.5986821654498725
Total smell identification test,0.013377857735303025,0.07741174754853104,0.05759941117682029,0.0725381130731743,-13.75680897570523,13.75680897570523,1.463071285306567e-39,-0.5895065818508027
Education years,-0.005923542346748913,0.10556081561271881,0.019989737987472517,0.05406347280401408,-6.869218757895824,6.869218757895824,1.1336531359582815e-11,-0.3089960555226071
Height,-0.030000086278882218,0.06276086489322436,-0.011486469465155096,0.06637212707913455,-6.400818805303618,6.400818805303618,2.3729415131496907e-10,-0.2866251503353115
Handedness,0.03511888933677931,0.05183555232796633,-0.07907972167644711,0.06532762751279059,44.038068875576094,44.038068875576094,2.865418256714643e-236,1.9365959117706475
Left hand score,-0.05947672665064599,0.057574210656015326,-0.002776489311425435,0.05129361814723456,-22.69121688202501,22.69121688202501,2.8910738512038686e-92,-1.0399053521773995
Right hand score,0.061284067086999766,0.05899660354125552,0.013507141541051653,0.05205556671913911,18.893955535056154,18.893955535056154,2.5872832994896185e-68,0.858765321529485
Left right hands difference,0.03961500255222651,0.054371934500937795,-0.05579684796269925,0.05980533268692677,38.304011535001884,38.304011535001884,3.0170999935666404e-198,1.6694041306996026
Left right hands sum,0.017445662316315332,0.028882823335721612,0.03133415971008188,0.03849004867760536,-9.107982371536139,9.107982371536139,4.467377189210274e-19,-0.40815863310730105
Father's age at AD onset,-0.03597354379294741,0.05231125226003716,0.03978979216738688,0.07586560230624229,-25.761741166509726,25.761741166509726,1.2345557557028339e-112,-1.1626999225386565
Mother's age at AD onset,0.013842479170350506,0.05027202793216991,-0.004104108318148956,0.043609342069057144,8.691889022778456,8.691889022778456,1.44033589940835e-17,0.3813655970208559
Number of siblings with AD,-0.04001026344204153,0.04817739510859575,-0.013652329490780957,0.04133921748854105,-13.08158520105163,13.08158520105163,3.291728673746925e-36,-0.5871840565404401
1st sibling's age at AD onset,-0.023841835772967376,0.04011078560031585,0.010261614048146553,0.041256000314605475,-18.404543862820965,18.404543862820965,2.2982524266079316e-65,-0.8381816248812006
2nd sibling's age at AD onset,0.049682767981055434,0.04962132159160664,0.01523352982989813,0.04349428020586535,16.592922165195567,16.592922165195567,8.485827890713889e-55,0.7383274455140642
3rd sibling's age at AD onset,0.03814131530410335,0.040596891993556684,0.010698226677712133,0.050102551938061034,13.782978520523812,13.782978520523812,1.0790622960268075e-39,0.6018472029841425
4th sibling's age at AD onset,-0.0050652981809303655,0.051289421304041,-0.027034909343389577,0.04730166338947969,9.906698138096283,9.906698138096283,3.9217697539577696e-22,0.4453072435776237
5th sibling's age at AD onset,0.0,0.0,0.0,0.0,,,,
Other family member has AD,0.00981976780953815,0.06939439912011602,0.034531819050886814,0.07003412292003237,-7.92116512635174,7.92116512635174,6.244606716065889e-15,-0.35447253935936346
Maternal family member has AD,-0.03894747221326848,0.06775278864781069,-0.02688041065332291,0.0422692499331107,-4.801660458624648,4.801660458624648,1.8140737450505343e-06,-0.21369969176189108
Paternal family member has AD,0.0024763498983673164,0.041445725750882574,-0.04903706854686672,0.04278325825038604,27.564494772156774,27.564494772156774,7.601692564404975e-125,1.2230213941717667
Age at recruitment,0.06133433735319682,0.125159097498797,0.04643765788750735,0.08265995425087562,3.0502090873235894,3.0502090873235894,0.00234713736828457,0.14045514492634908
Blood HbA1c levels at recruitment,0.022089421579796646,0.06484218858274575,0.04033692190182118,0.05841919956042671,-6.469694972028089,6.469694972028089,1.5352962761370082e-10,-0.295676968704855
Blood TSH levels at recruitment,-0.011575582248831378,0.05410047317977304,-0.00718162362634123,0.05272360706881251,-1.8773293260423038,1.8773293260423038,0.06076417779519029,-0.08225848846171553
Blood B12 levels at recruitment,0.010591249541893387,0.03802160132044767,-0.01999618381031898,0.053022290622399146,15.006260369997797,15.006260369997797,4.6843486686716524e-46,0.662988399959695
Total cholesterol at recruitment,-0.005722675865366006,0.07185296944378047,0.012005770244377687,0.08823168903981361,-5.043992788320584,5.043992788320584,5.413031732255385e-07,-0.22033814451730702
HDL cholesterol at recruitment,-0.002108124241377273,0.056377194593474816,-0.035738025634582705,0.060342725356861186,12.982484343207982,12.982484343207982,9.990693023493895e-36,0.5759172721372027
LDL cholesterol at recruitment,-0.04227412230955061,0.08098958406234794,0.035578296586095036,0.0817681471322403,-21.90001735103689,21.90001735103689,3.8600169294197087e-87,-0.9566553626515618
Systolic BP at recruitment,-0.01788406295854663,0.09990141864717034,-0.018564354737106062,0.08826091931358077,0.1624168751297738,0.1624168751297738,0.8710104278936833,0.007217105339444872
Diastolic BP at recruitment,-0.0015547303424973387,0.06584410787208579,0.04200386891069358,0.06189941506965449,-15.337553846592861,15.337553846592861,7.7432551439658e-48,-0.6816446766938442
Pulse at recruitment,0.055632463072069274,0.04919667171174217,-0.024110997523020438,0.05003717756523712,36.236653388104465,36.236653388104465,3.066876621705793e-184,1.6071250068231955
Weight at recruitment,-0.022471335143416364,0.08608697866586867,-0.025776027869689355,0.07962787487612522,0.889527356501493,0.889527356501493,0.3739338750907998,0.03985382395138967
Hypertension,-0.033876835199578695,0.05360970151965836,-0.008565781065270403,0.06745603653047469,-9.39736027461562,9.39736027461562,3.6881946626989016e-20,-0.4154291606824995
Hyperlipidemia,-0.01136558287714448,0.08235696285998842,0.02050971464566103,0.09621044551908609,-8.022144231770792,8.022144231770792,2.8960617942009762e-15,-0.35594179647659013
Diabetes,0.010094486620398031,0.05235113875083258,0.017404992575405148,0.04818848914438351,-3.2858658616409384,3.2858658616409384,0.0010520656015510586,-0.14530087816296142
Cancer,0.03948435968491061,0.05901012630462255,0.043002435796916316,0.07653161397606979,-1.135224877540696,1.135224877540696,0.2565533979709243,-0.05148295451066535
Depression,0.06562874250563513,0.05681708783095411,0.04979142069718911,0.05807530667981175,6.154493458798193,6.154493458798193,1.0888949601610648e-09,0.27567311608337136
Osteoporosis,-0.03704080297214768,0.03688813795898581,-0.04130688947942322,0.044998044568319226,2.3270343845518435,2.3270343845518435,0.02016256069461413,0.10368823434662552
Migraine,-0.017109301813251664,0.05875491471251229,0.02328968665065218,0.05425032088373686,-16.311248762574728,16.311248762574728,3.2960956284917857e-53,-0.7144258436279718
Asthma,0.01910641545917437,0.0382791151149965,-0.02514245772555426,0.03417758494871202,27.13044940832048,27.13044940832048,6.805676258012132e-122,1.219435869452339
Atrial fibrillation,-0.008674568474266184,0.06970125604023981,-0.031315225506548076,0.03964690210495063,8.77031938255565,8.77031938255565,7.561758437306995e-18,0.39929488226059345
Arthritis,0.021525633993657284,0.06373540489554184,0.029384231181730263,0.05906962326116919,-2.8622987341367985,2.8622987341367985,0.0042936386335474825,-0.12789266856775702
CAIDE: total score,-0.03176315469644147,0.08458195147157983,-0.03532052165594714,0.08945223496965342,0.9234519022959072,0.9234519022959072,0.3559947371262422,0.04086524483322607
CAIDE: age subscore,0.0,0.0,0.0,0.0,,,,
CAIDE: education subscore,0.04495043552968051,0.07076637926238115,-0.031279956310728045,0.044963927140357546,28.534195964182718,28.534195964182718,1.839346749586064e-131,1.2858098744378494
CAIDE: sex subscore,-0.01740993001185248,0.08677931954862782,0.025404182601300916,0.10626898794008657,-9.938621790993171,9.938621790993171,2.930954227901057e-22,-0.4413152078867403
CAIDE: BP subscore,0.008287670313049956,0.09729320031440365,-0.005026049825117054,0.06609367206606113,3.538442811817073,3.538442811817073,0.0004210135505071241,0.16007930644911453
CAIDE: BMI subscore,0.002146373275367893,0.06158705567751453,-0.06076750690806132,0.06673070508991498,21.701360353099997,21.701360353099997,7.307522588706776e-86,0.9798081695454267
CAIDE: cholesterol subscore,-0.03671714260748353,0.052045410440383424,0.07028261253198673,0.06416326714241292,-42.39125792467686,42.39125792467686,1.71393093840668e-225,-1.8315795542225604
CAIDE: activity subscore,-0.007172853149043602,0.042271614392849016,0.048738407717540226,0.05700894339187243,-24.692611703042473,24.692611703042473,1.808429389220069e-105,-1.114120669049449
CAIDE: APOE4 subscore,-0.05608745998619802,0.04129518113843489,-0.049962348757443764,0.051766144087161084,-2.9906426763147826,2.9906426763147826,0.0028521879462193598,-0.13081059106247853
Clinical dementia rating,-0.0247956331567207,0.040876718296307624,1.387361493936735e-35,2.280354451894579e-34,-19.182233816531944,19.182233816531944,4.561372060591551e-70,-0.8578555754812133
MoCA total score,0.02108319467274588,0.1256754201011004,0.05397401786161556,0.08302536820735902,-6.909629766373553,6.909629766373553,8.644075027263534e-12,-0.3088134446779233
version MOCA,1.86522297183794e-35,1.1453313762348588e-34,0.0024226627909358493,0.016760367780297467,-4.57098109201615,4.57098109201615,5.462003120553208e-06,-0.2044204889122859
MoCA visuospatial: tracing,-0.04515330693752385,0.06407636749098258,0.032167363537635996,0.03792548922551406,-33.42144471511247,33.42144471511247,5.357990119841841e-165,-1.4685683257780984
MoCA visuospatial: cube,0.02960160186681515,0.08406330364223052,0.07311936988028381,0.057619924894940625,-13.475513876603248,13.475513876603248,3.76491483408506e-38,-0.6038692649865032
MoCA visuospatial: clock contour,0.0,0.0,-0.0012363418314486662,0.023664780152247242,1.6520990808995606,1.6520990808995606,0.09882859813023451,0.07388411700912673
MoCA visuospatial: clock numbers,-0.044974729753921625,0.05499794353538328,-0.0343917202245326,0.06177031880894851,-3.9975489243885454,3.9975489243885454,6.871135217338117e-05,-0.18096106669293888
MoCA visuospatial: clock hands,0.014238960618817253,0.07559437689928677,0.05364349979071786,0.047058076373076005,-14.123696177162085,14.123696177162085,1.978648827131244e-41,-0.6258248421017482
MoCA visuospatial: total score,-0.0048832041215148446,0.1076651173216089,0.07788083330388028,0.06440965260829074,-20.879411584961257,20.879411584961257,1.267014476554681e-80,-0.9329299774903137
MoCA naming: lion,0.014079534425266672,0.04236693856838488,0.0,0.0,10.508995618535621,10.508995618535621,1.4223297815996548e-24,0.4699765715658618
MoCA naming: rhino,-0.0007466964207887825,0.038668019863103066,-0.025931647401549445,0.07725803583737688,9.170516057219855,9.170516057219855,2.6201404509231204e-19,0.4122585909251974
MoCA naming: camel,0.023160482723231717,0.03411032425884471,0.017692421779966,0.03444824593652526,3.62595737983352,3.62595737983352,0.0003024315676123846,0.1595130851443744
MoCA naming: total score,0.01791854629592824,0.03817760028047601,-0.017035800249805083,0.07489465384322863,12.997727592858793,12.997727592858793,8.425522368952738e-36,0.5880397442499435
MoCA attention: numbers forward,-0.004899498911570862,0.06753649487453987,0.02653854750936361,0.040008016089297244,-12.64188204620906,12.64188204620906,4.335900081860322e-34,-0.5663906337086768
MoCA attention: numbers backward,0.04075787984132578,0.0589203771317026,-0.11851602815091482,0.10832430929185521,40.537600925315765,40.537600925315765,3.2214182605630225e-213,1.8266505449862003
MoCA attention: numbers total score,0.025118116946171623,0.07059057035826372,-0.06219467182855188,0.09137175018960847,23.59916898787215,23.59916898787215,3.2328524302458965e-98,1.06941937904556
MoCA attention: letters,0.020950658144828434,0.05332454037057183,0.021876421417218274,0.03406676901251217,-0.46157019431531393,0.46157019431531393,0.644490058158361,-0.020690220800092817
MoCA attention: subtraction 93,0.01460100381445932,0.02674856482364278,0.0016059877414290131,0.022280191110068837,12.006234364643246,12.006234364643246,4.066336247769746e-31,0.5279098259489015
MoCA attention: subtraction 86,0.03508714961802716,0.038868190670569396,0.0482517407847502,0.04044231628489738,-7.497793053786543,7.497793053786543,1.4294008538964566e-13,-0.33191060010768253
MoCA attention: subtraction 79,-0.007302584594937379,0.07498158505271434,0.03197705468155997,0.05296782803871664,-13.649997849084357,13.649997849084357,5.0485258827275815e-39,-0.6050964896870941
MoCA attention: subtraction 72,0.011568322082127692,0.06112942033723478,-0.015093364475204828,0.06180461381093931,9.619078914681953,9.619078914681953,5.2259917087370434e-21,0.4337494432370092
MoCA attention: subtraction 65,-0.04466380259611695,0.05937979074973653,-0.007388906390673231,0.07326644615472534,-12.387486219965146,12.387486219965146,6.916039611935565e-33,-0.55896491120188
MoCA attention: subtraction total score,-0.0022312322632576827,0.06182893684061144,0.005662781281189313,0.0682844350979187,-2.716363121954148,2.716363121954148,0.006714351044981973,-0.12119147196543292
MoCA attention: total score,0.025904335637000526,0.082095118779453,-0.031194554485325283,0.08280805284298302,15.45605781871197,15.45605781871197,1.7612404528911733e-48,0.6925076812084047
MoCA language: repeat 1,0.009344292291632928,0.030601723259956262,3.626754028605551e-36,1.1403608724143737e-34,9.65607280116181,9.65607280116181,3.758457505227352e-21,0.4318327035816918
MoCA language: repeat 2,0.03230145343358278,0.07199398415867637,-0.02167858901261036,0.07599311364637855,16.192825033214806,16.192825033214806,1.5189721350811459e-52,0.7292574020705854
MoCA language: repeat score,0.034109096176338595,0.07419517521632113,-0.02167858901261036,0.07599311364637855,16.4954756642425,16.4954756642425,3.021792462976109e-54,0.7428500393103619
MoCA language: fluency score,0.011088138951512245,0.0629452030387421,-0.043602523798880424,0.0659377865884193,19.017900193272908,19.017900193272908,4.5743404361869235e-69,0.8484583716086569
MoCA language: total score,0.030296423846428677,0.08624839919731553,-0.04539905758824164,0.08570052452680826,19.65375146171553,19.65375146171553,5.818055637740721e-73,0.8804369990502393
MoCA abtraction: pair 1,0.044715279353299636,0.07536384864552728,0.03899662515976772,0.062249324917423306,1.8291392078509772,1.8291392078509772,0.06767672132675574,0.08273715350040964
MoCA abtraction: pair 2,0.027067892534838177,0.08558664830742868,0.06034633716847679,0.08779958018072527,-8.574857734208473,8.574857734208473,3.733597724429616e-17,-0.3838336506210785
MoCA abtraction: total score,0.04355193226826599,0.094861252947484,0.06151516666609042,0.08726016865992897,-4.376225734994648,4.376225734994648,1.3344464684543883e-05,-0.1970949859825097
MoCA delayed recall: face,-0.059722843447259796,0.0814791522425563,0.04369807157283669,0.050647002588360975,-34.65731610249424,34.65731610249424,1.83305396736479e-173,-1.5245292106296056
MoCA delayed recall: velvet,0.00860134575734061,0.07922324302326787,0.02791916027130107,0.043547957063951453,-6.721665405592236,6.721665405592236,3.015404836702662e-11,-0.302196178085751
MoCA delayed recall: church,0.028702350974982624,0.06733455214153929,0.00960077625472017,0.046824155725384516,7.415716866270232,7.415716866270232,2.578147367936502e-13,0.32937559804275696
MoCA delayed recall: daisy,-0.029315447377868203,0.07420297199092088,0.05806055422876634,0.04713970825895004,-31.69618384641272,31.69618384641272,3.755544070399547e-153,-1.4056171820241625
MoCA delayed recall: red,0.015112379791242095,0.07088659314289109,0.04082692638672399,0.043746006683007495,-9.937789531423576,9.937789531423576,2.9533190446786115e-22,-0.43657337755498304
MoCA delayed recall: total score,-0.02149397425755939,0.10686698650593458,0.07546113345102043,0.06469462083657991,-25.073022089000453,25.073022089000453,5.1916968637228184e-108,-1.0975912352976747
MoCA orientation: date,-0.0013830368636366488,0.05063220612342728,-0.011910457702422246,0.05062488076929377,4.668894050166499,4.668894050166499,3.4411599631143244e-06,0.20793449889370344
MoCA orientation: month,0.0,0.0,0.0,0.0,,,,
MoCA orientation: day,0.0,0.0,0.013738601506559756,0.04502160068982217,-9.649872941094927,9.649872941094927,3.9722164330275976e-21,-0.43155543741048147
MoCA orientation: total score,-0.0013830368636366483,0.05063220612342728,-0.000773634046379582,0.05879869460301758,-0.2507432257098573,0.2507432257098573,0.802064198993332,-0.011106788545575095
Statins intake,0.010602517851695204,0.09237237710228201,0.017437480527608965,0.08804595168532206,-1.7113568155902577,1.7113568155902577,0.08732566950287267,-0.07574616597637923
Mild microsmia,0.0269142782424094,0.046538415935288756,-0.05493981585188154,0.05520779808736231,35.544567136755994,35.544567136755994,1.592982024776992e-179,1.6031765019944328
Moderate microsmia,0.0056968388573800915,0.06022500467345302,-0.027985447061566002,0.04861810882486895,14.062961015255441,14.062961015255441,4.055072075167993e-41,0.6154250525709036
Normosmia,-0.007170056539172576,0.06828906788202634,0.0751907331614501,0.07085949061301228,-27.203602322119753,27.203602322119753,2.1668296631096446e-122,-1.1835802261342256
Severe microsmia,-0.03287976457039032,0.05271361711079416,-0.025559509238985763,0.0525933916842089,-3.1759694573185,3.1759694573185,0.001539122369478389,-0.13902684435837792
Total anosmia,-0.0255243999440424,0.04030805861147574,-0.011727301274889662,0.029204740655724523,-8.700166464170328,8.700166464170328,1.34594921993293e-17,-0.3919965303077981
Probable MCI,0.0,0.0,0.0,0.0,,,,
MCI after 12 months,0.01213781507563656,0.04004248234150053,-0.025094817720126585,0.035677101202210425,21.919564810402814,21.919564810402814,2.8886673956965426e-87,0.981804414585985
MCI after 24 months,-0.014578988443399322,0.03520011496194827,-0.001291071894797964,0.051136632948825436,-6.671717305381386,6.671717305381386,4.181578372352291e-11,-0.3027023882405211
MCI after 36 months,0.006809840235081695,0.04229261826515265,0.00822514955091698,0.04357752323379125,-0.7370703292827834,0.7370703292827834,0.4612526469304927,-0.03296025539391534
MCI after 48 months (NAP),-0.025413417586839366,0.02849695642549638,-0.019498787432950956,0.038894951253783984,-3.991391851081817,3.991391851081817,7.049125498084395e-05,-0.1734766532717418
MCI after 60 months,0.0010468889870471785,0.047611132364588284,-0.014424821458648526,0.032860820748320516,8.363665766595743,8.363665766595743,2.0262904240562625e-16,0.378223016770684
MCI after 72 months,0.009625282807321547,0.04382917212591097,0.04542754414356113,0.05476149910809646,-15.722631369028834,15.722631369028834,6.141370303956275e-50,-0.721856601624431
MCI after 84 months,0.021508728981610516,0.04354483958543431,-0.02464893440066561,0.03379659804227235,26.141151842452633,26.141151842452633,3.416083710576396e-115,1.184237958275329
MCI after 12 months,-0.025123045046154188,0.030407339822996485,-0.0039797317387417945,0.02118314989839187,-18.17832803913059,18.17832803913059,5.147063412051059e-64,-0.8068638327286628
MCI after 24 months,-0.01223770456257626,0.03962549154946629,-0.00033244549180818267,0.03731975366148325,-6.957492572115369,6.957492572115369,6.258408048336612e-12,-0.3093087148043705
MCI after 36 months,-0.024205545450144274,0.03028745464664169,0.001400473058625048,0.044457499627293666,-15.27856018211605,15.27856018211605,1.6141647241018963e-47,-0.6731670624555772
MCI after 48 months (PRE),-0.010508956225055046,0.034570202069420214,-0.013236390594561123,0.054157435070997746,1.3824768649889547,1.3824768649889547,0.16713430388411923,0.06003338067720148
MCI after 72 months,0.05807834189251824,0.04202086590369939,-0.0187715781029878,0.04108756553302579,41.20733623226547,41.20733623226547,1.1392206318687092e-217,1.8492726506362391
MCI after 84 months,-0.014317247065270312,0.042483485208369955,0.028675169385284943,0.049892674189901766,-20.564190143843405,20.564190143843405,1.2341498641983958e-78,-0.9278323051581973
1st language: Arabic,-0.006354603197945799,0.0184985917465645,7.253508057211102e-36,2.2807217448287474e-34,-10.862999739334462,10.862999739334462,4.6345137534075196e-26,-0.48580811713428856
1st language: English,0.016384433689032116,0.10469347011200145,-0.019332246791782953,0.033487376382644034,10.251581360945465,10.251581360945465,1.621768627940522e-23,0.459530548063569
1st language: French,-0.03219481753144637,0.109013406078961,-0.047934818143958904,0.11061015784120122,3.1541229084729845,3.1541229084729845,0.0016578855765755846,0.14333238519249897
1st language: Italian,-0.003445033058470098,0.03302155469578739,7.253508057211102e-36,2.2807217448287474e-34,-3.2991030191353503,3.2991030191353503,0.0010042005337500685,-0.14754037231122877
1st language: Other,-0.009113370240685785,0.0225486230663191,-0.024704531358127797,0.036686684890123764,11.715249256109304,11.715249256109304,8.555419932683748e-30,0.5120321401582946
1st language: Spanish,0.07170517930738268,0.05429774180393739,0.0964216137292187,0.12475185086996314,-5.64870392131323,5.64870392131323,2.1071624419455153e-08,-0.2569110126970868
Tested in English,0.0025239163169757544,0.09795739735269719,-0.03385161222604248,0.04662968822212449,10.642161747345499,10.642161747345499,3.964027352944324e-25,0.4741726021317142
Tested in French,-0.0025239163169757553,0.09795739735269719,0.033851612226042486,0.04662968822212449,-10.642161747345504,10.642161747345504,3.964027352944125e-25,-0.4741726021317143
African American,0.0,0.0,0.0,0.0,,,,
Caucasian,-3.73044594367588e-35,2.2906627524697176e-34,-0.06489438409274352,0.08754700937942432,23.440442174041802,23.440442174041802,3.588863955900655e-97,1.0482884424762084
Hispanic,-3.73044594367588e-35,2.2906627524697176e-34,0.06489438409274352,0.08754700937942432,-23.440442174041802,23.440442174041802,3.588863955900655e-97,-1.0482884424762084
Other ethnicity,0.0,0.0,0.0,0.0,,,,
College classic,0.009463122670330823,0.06231043707624585,-0.06940978014442363,0.06503141574157487,26.662525186849667,26.662525186849667,1.0170715583870507e-118,1.2384758303535894
Elementary study,-0.01022753793560229,0.02890873220296453,-0.010101163599379048,0.027904575536349917,-0.09812751171199306,0.09812751171199306,0.9218507261272876,-0.004448063546277131
Highschool degree,-0.011720668527648534,0.09592281869683295,-0.03165424622910311,0.04642829473754968,5.978263938642171,5.978263938642171,3.13575780626709e-09,0.2645286802752051
Postgraduate degree,0.03395098388561235,0.0665455298177605,0.008725439459499475,0.06017857395235497,8.950059424820775,8.950059424820775,1.6960226571570013e-18,0.3976160035182888
Some college study,-0.023754295968733897,0.0531169732149036,0.0193536589452035,0.05200439522450094,-18.742806901166496,18.742806901166496,2.125203327428348e-67,-0.8201099618983761
Some highschool study,0.03667771272533899,0.07027010555784409,-0.03746210441103125,0.039466060911676246,28.33566380586657,28.33566380586657,4.181601631121311e-130,1.3009530659390807
Some postgraduate study,-0.027828201357862667,0.04332568895652162,-0.007762820136151639,0.036537707235353184,-10.837876102193563,10.837876102193563,5.926466267573096e-26,-0.5006872989930862
Some undergraduate study,0.008960525072658381,0.053386274411514924,0.04103521387954059,0.06309772613587644,-12.148638657048956,12.148638657048956,8.975038225754951e-32,-0.5488100307240106
Undergraduate degree,-0.014970863958085381,0.08734231159446239,0.06224943172369156,0.07563939507205983,-21.048902727533783,21.048902727533783,1.0682697177760108e-81,-0.9451611590058293
Works in engineering,0.040628343297764616,0.061075054308700895,-0.01838175257538136,0.04415843447697207,25.333666686758363,25.333666686758363,9.30198101118788e-110,1.1072920857625792
Works in arts/media,0.03121864450423204,0.04254429468032343,-0.03698655715325032,0.04823019143802169,33.861072604049234,33.861072604049234,5.186861874359631e-168,1.49980014152399
Works in building maintenance,-0.0008851023824988393,0.05016395065722758,-0.009580772372329058,0.01910635596147411,5.1595137712120485,5.1595137712120485,2.9856630652094543e-07,0.2290923755385062
Works in fiance,0.014943976487400992,0.0487154907525012,-0.039209473167761744,0.04062351319154108,27.602881975467465,27.602881975467465,4.164153500314314e-125,1.2073711729932333
Works in community services,-0.022172263224045894,0.03966123162900148,-0.006720273135035364,0.025990357760348946,-10.52089196195714,10.52089196195714,1.269562645335178e-24,-0.46084174750125817
Works in computers,0.03407527829301278,0.04170978043639035,-0.014605484041977103,0.04815533755089241,24.04613539445896,24.04613539445896,3.592826434190721e-101,1.0806423384914532
Works in construction,-0.026814916421954396,0.07261013103811784,-0.010101163599379048,0.02790457553634992,-6.73651487898426,6.73651487898426,2.7349696838361674e-11,-0.3038639031099984
Works in education,-0.030751624469126007,0.05558034206945368,-0.031967584908016385,0.048001328513412184,0.5152083578790437,0.5152083578790437,0.6065214099079341,0.02341569621006096
Works in agriculture,0.0,0.0,0.0233534295626595,0.05071843109265907,-14.560787272657366,14.560787272657366,1.066398451923821e-43,-0.6511782029515124
Works in food,-0.010227537935602294,0.02890873220296453,7.253508057211102e-36,2.2807217448287474e-34,-11.18773196458718,11.18773196458718,1.8561147056119095e-27,-0.5003305837372849
Works in healthcare,-0.010472806013303516,0.054953089382745915,-0.030048501670922087,0.03780578985611268,9.380636983401084,9.380636983401084,4.2674598766361966e-20,0.4150449684084873
Works in maintenance,0.005484780451853154,0.04150572542914167,-0.02951784055883038,0.04320049670988002,18.849739079237235,18.849739079237235,4.794491243938561e-68,0.8262820925932591
Works in legal affairs,-0.0016293675960906181,0.03580584518460265,-0.00776282013615164,0.036537707235353184,3.7887075356365325,3.7887075356365325,0.00016048379266871986,0.16955591757810193
Works in science,0.00023175237958962636,0.04992816139927975,-0.02020685482647264,0.028569947952716702,11.397899172576707,11.397899172576707,2.225899762961792e-28,0.5024741943315114
Works in management,0.009822924716205984,0.062240979524477526,0.07339543586400202,0.06516118334174002,-22.06153666463926,22.06153666463926,3.5090924673348e-88,-0.9977196063795439
Works in administration,0.0167850312992461,0.049610077136065675,-0.02296800780649045,0.05328275420586684,17.176778008935223,17.176778008935223,3.858544376267012e-58,0.7722158787744052
Works in personal care,-0.01067991841707191,0.03194879327440627,7.253508057211102e-36,2.2807217448287474e-34,-10.570936790211228,10.570936790211228,7.863015947530373e-25,-0.4727466649753136
Works in production,0.0,0.0,-0.031279956310728045,0.04496392714035754,21.99894745485342,21.99894745485342,8.893040799150383e-88,0.9838228388499636
Works in protective services,-0.0076105153506404654,0.054670973763098235,0.0,0.0,-4.402073169573449,4.402073169573449,1.187595707422753e-05,-0.19686669698188375
Works in sales,-0.024824589065805484,0.048318146254815966,0.11954202445813973,0.08250679341176281,-48.583567764728045,48.583567764728045,2.489563138596795e-265,-2.1353094438190565
Works in transportation,0.0,0.0,0.0,0.0,,,,
Not retired,-0.0041883131079872,0.07310145957433263,0.005353899625768867,0.06944989592978605,-3.0412432713684243,3.0412432713684243,0.00241750384320237,-0.133833643216283
Semi-retired,0.02055291535906662,0.059541595098835304,0.06368513860528169,0.058124345280231186,-16.41448862924311,16.41448862924311,8.655130918695933e-54,-0.7330769592860453
Retired,-0.0029041314164148318,0.06677979533568142,-0.03910656667972057,0.06098162698586083,13.19450760626137,13.19450760626137,9.223535941433451e-37,0.5661366457794687
Ambidextrous,-0.03700399168022223,0.05069273770961962,-0.012686016062002864,0.03979766661212464,-11.846466837353566,11.846466837353566,2.1807169766436433e-30,-0.5336170122258844
Left-handed,-0.044559167596058144,0.049035129490998114,-0.026503646426798116,0.05084509851462994,-7.9443543954778555,7.9443543954778555,5.238317567720778e-15,-0.3614841030909575
Right-handed,0.05989896206691032,0.06019758638600036,0.029666243899400983,0.054996451657785286,11.339712980033926,11.339712980033926,4.0162280770956843e-28,0.52436652471642
BchE K variant AA,0.03302007211024743,0.05096372865611584,-0.026216335546652758,0.04351481111534977,28.547703298430367,28.547703298430367,1.487050307563242e-131,1.250086022828586
BchE K variant AG,-0.017593416627400625,0.0580514688217907,0.010302549421965148,0.0617711994334805,-10.636125269802164,10.636125269802164,4.201524073029896e-25,-0.4653966464677279
BchE K variant GG,0.005985182300039217,0.06104288441842629,0.0002910415442069719,0.05545639147376357,2.2414159780928307,2.2414159780928307,0.02521807409350239,0.0976418980044249
BDNF MetMet,-0.014426656293258617,0.04665519634274841,0.10445152135624321,0.065680025179976,-46.062693354203454,46.062693354203454,2.425033846945282e-249,-2.0867749539257745
BDNF ValMet,0.05446926454090376,0.05445154243065722,-0.020125285522264266,0.046768742152971735,33.48009842409569,33.48009842409569,2.1219175882751985e-165,1.4696777772734018
BDNF ValVal,-0.05019770466619558,0.05994155502953412,-0.024836643102841477,0.05303380392064675,-10.077442637463443,10.077442637463443,8.189498412744761e-23,-0.4481293481670239
HMGCR Intron M AA,0.021225288682647662,0.0735444188863725,-0.0293077203351469,0.07037425249076723,16.010592026854656,16.010592026854656,1.5745931833416707e-51,0.7020736563322777
HMGCR Intron M GA,0.01643176839519767,0.050646140833821074,0.02023935272041585,0.06697217115096996,-1.442479142324469,1.442479142324469,0.14948069091290683,-0.06412990966697694
HMGCR Intron M GG,-0.04115584069902524,0.062464141591129826,0.010670933044097356,0.04627612959454386,-21.329306416136344,21.329306416136344,1.7558698660020996e-83,-0.942831149340244
TLR4 rs4986790 AA,-0.007420609325473551,0.051795223341924476,-0.02212337482806592,0.07804371456630468,5.044224470225644,5.044224470225644,5.406640843729623e-07,0.2219861817732949
TLR4 rs4986790 AG,0.00742060932547355,0.051795223341924476,0.022123374828065912,0.07804371456630468,-5.044224470225645,5.044224470225645,5.406640843729583e-07,-0.22198618177329482
PPP2r1A rs10406151 CC,-0.003193688790843055,0.05123499567383342,-0.026580061648688067,0.03666249051847252,12.026405236102182,12.026405236102182,3.2855275101505958e-31,0.5249626442739939
PPP2r1A rs10406151 CT,0.05398393702657938,0.06382973284989762,0.006532319661114331,0.04807629425047472,18.596094983583185,18.596094983583185,1.6284505168881776e-66,0.8397816045282784
PPP2r1A rs10406151 TT,-0.05072093634663717,0.06512722359428956,0.007726755216242193,0.052671636110173926,-21.895201677282568,21.895201677282568,4.145697891723304e-87,-0.9868292461963111
CDK5RAP2 rs10984186 AA,0.0014978938661370236,0.039136651906552175,-0.02012052284660867,0.03841423980636874,12.613647358178373,12.613647358178373,5.907919911655537e-34,0.5575043258263819
CDK5RAP2 rs10984186 GA,0.017694770072593197,0.04584589276948663,0.037140471260843355,0.054353711830740586,-8.525246431393786,8.525246431393786,5.572735674200176e-17,-0.3867476571634099
CDK5RAP2 rs10984186 GG,-0.017763082413627933,0.047800736601409405,-0.026720030665696184,0.05221533563141682,3.9674818175860342,3.9674818175860342,7.782608534162623e-05,0.17893595756318018
